<?xml version="1.0" encoding="UTF-8"?>
<!--GEDI is developed at Language and Media Processing Laboratory, University of Maryland.-->
<GEDI xmlns="http://lamp.cfar.umd.edu/GEDI" version="1.0">
	<DL_DOCUMENT src="aeq93a00.tif" NrOfPages="1" docTag="xml">
		<DL_PAGE gedi_type="DL_PAGE" src="aeq93a00.tif" pageID="1" width="1728" height="2292">
			<DL_ZONE gedi_type="DLSignature" id="None" col="966" row="1901" width="329" height="78" Overlapped="Yes" AuthorID="Gourley, R.D."> </DL_ZONE>
			<DL_ZONE gedi_type="DLLogo" id="None" col="144" row="76" width="225" height="114"> </DL_ZONE>
		</DL_PAGE>
	</DL_DOCUMENT>
</GEDI>