<?xml version="1.0" encoding="UTF-8"?>
<!--GEDI is developed at Language and Media Processing Laboratory, University of Maryland.-->
<GEDI xmlns="http://lamp.cfar.umd.edu/GEDI" version="1.0">
	<DL_DOCUMENT src="ajj10e00.tif" NrOfPages="1" docTag="xml">
		<DL_PAGE gedi_type="DL_PAGE" src="ajj10e00.tif" pageID="1" width="2560" height="3295">
			<DL_ZONE gedi_type="DLSignature" id="None" col="356" row="1757" width="635" height="155" Overlapped="Yes" AuthorID="Jessup, H.S."> </DL_ZONE>
			<DL_ZONE gedi_type="DLLogo" id="None" col="157" row="257" width="720" height="217"> </DL_ZONE>
		</DL_PAGE>
	</DL_DOCUMENT>
</GEDI>