<?xml version="1.0" encoding="UTF-8"?>
<!--GEDI is developed at Language and Media Processing Laboratory, University of Maryland.-->
<GEDI xmlns="http://lamp.cfar.umd.edu/GEDI" version="1.0">
	<DL_DOCUMENT src="ajz31e00.tif" NrOfPages="1" docTag="xml">
		<DL_PAGE gedi_type="DL_PAGE" src="ajz31e00.tif" pageID="1" width="2560" height="3292">
			<DL_ZONE gedi_type="DLSignature" id="None" col="479" row="1450" width="755" height="248" Overlapped="Yes" AuthorID="Vollmuth, T.A."> </DL_ZONE>
			<DL_ZONE gedi_type="DLLogo" id="None" col="127" row="170" width="758" height="236"> </DL_ZONE>
		</DL_PAGE>
	</DL_DOCUMENT>
</GEDI>