<?xml version="1.0" encoding="UTF-8"?>
<!--GEDI is developed at Language and Media Processing Laboratory, University of Maryland.-->
<GEDI xmlns="http://lamp.cfar.umd.edu/GEDI" version="1.0">
	<DL_DOCUMENT src="ald41a00-ernest.tif" NrOfPages="1" docTag="xml">
		<DL_PAGE gedi_type="DL_PAGE" src="ald41a00-ernest.tif" pageID="1" width="1200" height="1575">
			<DL_ZONE gedi_type="DLSignature" id="None" col="690" row="1127" width="287" height="59" Overlapped="No" AuthorID="Pepples, Ernest"> </DL_ZONE>
			<DL_ZONE gedi_type="DLLogo" id="None" col="478" row="53" width="177" height="94"> </DL_ZONE>
		</DL_PAGE>
	</DL_DOCUMENT>
</GEDI>