<?xml version="1.0" encoding="UTF-8"?>
<!--GEDI is developed at Language and Media Processing Laboratory, University of Maryland.-->
<GEDI xmlns="http://lamp.cfar.umd.edu/GEDI" version="1.0">
	<DL_DOCUMENT src="amw93e00.tif" NrOfPages="1" docTag="xml">
		<DL_PAGE gedi_type="DL_PAGE" src="amw93e00.tif" pageID="1" width="2560" height="3239">
			<DL_ZONE gedi_type="DLSignature" id="None" col="1594" row="1998" width="624" height="160" Overlapped="Yes" AuthorID="Camisa, R.J."> </DL_ZONE>
			<DL_ZONE gedi_type="DLLogo" id="None" col="1142" row="96" width="320" height="202"> </DL_ZONE>
		</DL_PAGE>
	</DL_DOCUMENT>
</GEDI>