<?xml version="1.0" encoding="UTF-8"?>
<!--GEDI is developed at Language and Media Processing Laboratory, University of Maryland.-->
<GEDI xmlns="http://lamp.cfar.umd.edu/GEDI" version="1.0">
	<DL_DOCUMENT src="amy31e00.tif" NrOfPages="1" docTag="xml">
		<DL_PAGE gedi_type="DL_PAGE" src="amy31e00.tif" pageID="1" width="2560" height="3328">
			<DL_ZONE gedi_type="DLSignature" id="None" col="449" row="2096" width="837" height="250" Overlapped="Yes" AuthorID="Vollmuth, T.A."> </DL_ZONE>
			<DL_ZONE gedi_type="DLLogo" id="None" col="90" row="208" width="750" height="232"> </DL_ZONE>
		</DL_PAGE>
	</DL_DOCUMENT>
</GEDI>