<?xml version="1.0" encoding="UTF-8"?>
<!--GEDI is developed at Language and Media Processing Laboratory, University of Maryland.-->
<GEDI xmlns="http://lamp.cfar.umd.edu/GEDI" version="1.0">
	<DL_DOCUMENT src="ank41e00.tif" NrOfPages="1" docTag="xml">
		<DL_PAGE gedi_type="DL_PAGE" src="ank41e00.tif" pageID="1" width="2560" height="3292">
			<DL_ZONE gedi_type="DLSignature" id="None" col="390" row="1466" width="805" height="239" Overlapped="Yes" AuthorID="Vollmuth, T.A."> </DL_ZONE>
			<DL_ZONE gedi_type="DLLogo" id="None" col="112" row="216" width="756" height="230"> </DL_ZONE>
		</DL_PAGE>
	</DL_DOCUMENT>
</GEDI>