<?xml version="1.0" encoding="UTF-8"?>
<!--GEDI is developed at Language and Media Processing Laboratory, University of Maryland.-->
<GEDI xmlns="http://lamp.cfar.umd.edu/GEDI" version="1.0">
	<DL_DOCUMENT src="arz92e00.tif" NrOfPages="1" docTag="xml">
		<DL_PAGE gedi_type="DL_PAGE" src="arz92e00.tif" pageID="1" width="2560" height="3305">
			<DL_ZONE gedi_type="DLSignature" id="None" col="1231" row="2038" width="625" height="175" Overlapped="Yes" AuthorID="Galeotti, K.L."> </DL_ZONE>
			<DL_ZONE gedi_type="DLLogo" id="None" col="1084" row="132" width="320" height="210"> </DL_ZONE>
		</DL_PAGE>
	</DL_DOCUMENT>
</GEDI>