<?xml version="1.0" encoding="UTF-8"?>
<!--GEDI is developed at Language and Media Processing Laboratory, University of Maryland.-->
<GEDI xmlns="http://lamp.cfar.umd.edu/GEDI" version="1.0">
	<DL_DOCUMENT src="asg54f00.tif" NrOfPages="1" docTag="xml">
		<DL_PAGE gedi_type="DL_PAGE" src="asg54f00.tif" pageID="1" width="1200" height="1575">
			<DL_ZONE gedi_type="DLSignature" id="None" col="531" row="953" width="279" height="68" Overlapped="No" AuthorID="Daigle, W.P."> </DL_ZONE>
			<DL_ZONE gedi_type="DLLogo" id="None" col="720" row="55" width="146" height="148"> </DL_ZONE>
			<DL_ZONE gedi_type="DLLogo" id="None" col="53" row="56" width="141" height="144"> </DL_ZONE>
			<DL_ZONE gedi_type="DLLogo" id="None" col="275" row="57" width="141" height="143"> </DL_ZONE>
			<DL_ZONE gedi_type="DLLogo" id="" col="498" row="59" width="143" height="140"> </DL_ZONE>
			<DL_ZONE gedi_type="DLLogo" id="" col="945" row="62" width="141" height="143"> </DL_ZONE>
		</DL_PAGE>
	</DL_DOCUMENT>
</GEDI>