<?xml version="1.0" encoding="UTF-8"?>
<!--GEDI is developed at Language and Media Processing Laboratory, University of Maryland.-->
<GEDI xmlns="http://lamp.cfar.umd.edu/GEDI" version="1.0">
	<DL_DOCUMENT src="atz94a00.tif" NrOfPages="1" docTag="xml">
		<DL_PAGE gedi_type="DL_PAGE" src="atz94a00.tif" pageID="1" width="1728" height="2156">
			<DL_ZONE gedi_type="DLSignature" id="None" col="828" row="1687" width="329" height="83" Overlapped="No" AuthorID="Dimech, Ellen"> </DL_ZONE>
			<DL_ZONE gedi_type="DLLogo" id="None" col="737" row="107" width="204" height="122"> </DL_ZONE>
		</DL_PAGE>
	</DL_DOCUMENT>
</GEDI>