<?xml version="1.0" encoding="UTF-8"?>
<!--GEDI is developed at Language and Media Processing Laboratory, University of Maryland.-->
<GEDI xmlns="http://lamp.cfar.umd.edu/GEDI" version="1.0">
	<DL_DOCUMENT src="avb45e00.tif" NrOfPages="1" docTag="xml">
		<DL_PAGE gedi_type="DL_PAGE" src="avb45e00.tif" pageID="1" width="2560" height="3269">
			<DL_ZONE gedi_type="DLSignature" id="None" col="1156" row="2508" width="733" height="207" Overlapped="Yes" AuthorID="Galeotti, K.L."> </DL_ZONE>
			<DL_ZONE gedi_type="DLLogo" id="None" col="1138" row="180" width="300" height="190"> </DL_ZONE>
		</DL_PAGE>
	</DL_DOCUMENT>
</GEDI>