<?xml version="1.0" encoding="UTF-8"?>
<!--GEDI is developed at Language and Media Processing Laboratory, University of Maryland.-->
<GEDI xmlns="http://lamp.cfar.umd.edu/GEDI" version="1.0">
	<DL_DOCUMENT src="azb11c00.tif" NrOfPages="1" docTag="xml">
		<DL_PAGE gedi_type="DL_PAGE" src="azb11c00.tif" pageID="1" width="2400" height="3150">
			<DL_ZONE gedi_type="DLSignature" id="None" col="248" row="2006" width="503" height="133" Overlapped="Yes" AuthorID=""> </DL_ZONE>
			<DL_ZONE gedi_type="DLLogo" id="None" col="970" row="118" width="148" height="160"> </DL_ZONE>
		</DL_PAGE>
	</DL_DOCUMENT>
</GEDI>