<?xml version="1.0" encoding="UTF-8"?>
<!--GEDI is developed at Language and Media Processing Laboratory, University of Maryland.-->
<GEDI xmlns="http://lamp.cfar.umd.edu/GEDI" version="1.0">
	<DL_DOCUMENT src="bad45f00.tif" NrOfPages="1" docTag="xml">
		<DL_PAGE gedi_type="DL_PAGE" src="bad45f00.tif" pageID="1" width="1200" height="1575">
			<DL_ZONE gedi_type="DLSignature" id="None" col="620" row="1201" width="251" height="118" Overlapped="No" AuthorID="Jarrett, J.E."> </DL_ZONE>
			<DL_ZONE gedi_type="DLLogo" id="None" col="146" row="26" width="188" height="98"> </DL_ZONE>
		</DL_PAGE>
	</DL_DOCUMENT>
</GEDI>