<?xml version="1.0" encoding="UTF-8"?>
<!--GEDI is developed at Language and Media Processing Laboratory, University of Maryland.-->
<GEDI xmlns="http://lamp.cfar.umd.edu/GEDI" version="1.0">
	<DL_DOCUMENT src="bat60e00.tif" NrOfPages="1" docTag="xml">
		<DL_PAGE gedi_type="DL_PAGE" src="bat60e00.tif" pageID="1" width="2560" height="3031">
			<DL_ZONE gedi_type="DLSignature" id="None" col="1593" row="1503" width="575" height="155" Overlapped="Yes" AuthorID="Fassuliotis, Constance"> </DL_ZONE>
			<DL_ZONE gedi_type="DLLogo" id="None" col="200" row="110" width="798" height="216"> </DL_ZONE>
		</DL_PAGE>
	</DL_DOCUMENT>
</GEDI>