<?xml version="1.0" encoding="UTF-8"?>
<!--GEDI is developed at Language and Media Processing Laboratory, University of Maryland.-->
<GEDI xmlns="http://lamp.cfar.umd.edu/GEDI" version="1.0">
	<DL_DOCUMENT src="bbl21f00.tif" NrOfPages="1" docTag="xml">
		<DL_PAGE gedi_type="DL_PAGE" src="bbl21f00.tif" pageID="1" width="1200" height="1575">
			<DL_ZONE gedi_type="DLSignature" id="None" col="666" row="1132" width="251" height="70" Overlapped="No" AuthorID="Charles, F.K."> </DL_ZONE>
			<DL_ZONE gedi_type="DLLogo" id="None" col="474" row="136" width="154" height="86"> </DL_ZONE>
		</DL_PAGE>
	</DL_DOCUMENT>
</GEDI>