<?xml version="1.0" encoding="UTF-8"?>
<!--GEDI is developed at Language and Media Processing Laboratory, University of Maryland.-->
<GEDI xmlns="http://lamp.cfar.umd.edu/GEDI" version="1.0">
	<DL_DOCUMENT src="bbn00d00-first.tif" NrOfPages="1" docTag="xml">
		<DL_PAGE gedi_type="DL_PAGE" src="bbn00d00-first.tif" pageID="1" width="1728" height="2292">
			<DL_ZONE gedi_type="DLSignature" id="None" col="1097" row="1960" width="355" height="149" Overlapped="No" AuthorID="Sudol, Marius"> </DL_ZONE>
			<DL_ZONE gedi_type="DLLogo" id="None" col="943" row="152" width="304" height="196"> </DL_ZONE>
		</DL_PAGE>
	</DL_DOCUMENT>
</GEDI>