<?xml version="1.0" encoding="UTF-8"?>
<!--GEDI is developed at Language and Media Processing Laboratory, University of Maryland.-->
<GEDI xmlns="http://lamp.cfar.umd.edu/GEDI" version="1.0">
	<DL_DOCUMENT src="bbt85f00.tif" NrOfPages="1" docTag="xml">
		<DL_PAGE gedi_type="DL_PAGE" src="bbt85f00.tif" pageID="1" width="1200" height="1575">
			<DL_ZONE gedi_type="DLSignature" id="None" col="747" row="872" width="179" height="72" Overlapped="Yes" AuthorID="Ligon, R.H."> </DL_ZONE>
			<DL_ZONE gedi_type="DLLogo" id="None" col="124" row="68" width="98" height="98"> </DL_ZONE>
		</DL_PAGE>
	</DL_DOCUMENT>
</GEDI>