<?xml version="1.0" encoding="UTF-8"?>
<!--GEDI is developed at Language and Media Processing Laboratory, University of Maryland.-->
<GEDI xmlns="http://lamp.cfar.umd.edu/GEDI" version="1.0">
	<DL_DOCUMENT src="bci73f00.tif" NrOfPages="1" docTag="xml">
		<DL_PAGE gedi_type="DL_PAGE" src="bci73f00.tif" pageID="1" width="1200" height="1575">
			<DL_ZONE gedi_type="DLSignature" id="None" col="646" row="781" width="154" height="71" Overlapped="No" AuthorID="Gravely, L.E."> </DL_ZONE>
			<DL_ZONE gedi_type="DLLogo" id="None" col="488" row="292" width="56" height="64"> </DL_ZONE>
		</DL_PAGE>
	</DL_DOCUMENT>
</GEDI>