<?xml version="1.0" encoding="UTF-8"?>
<!--GEDI is developed at Language and Media Processing Laboratory, University of Maryland.-->
<GEDI xmlns="http://lamp.cfar.umd.edu/GEDI" version="1.0">
	<DL_DOCUMENT src="bea6aa00.tif" NrOfPages="1" docTag="xml">
		<DL_PAGE gedi_type="DL_PAGE" src="bea6aa00.tif" pageID="1" width="2544" height="3300">
			<DL_ZONE gedi_type="DLSignature" id="None" col="458" row="2447" width="454" height="143" Overlapped="Yes" AuthorID="Idle, J.R."> </DL_ZONE>
			<DL_ZONE gedi_type="DLLogo" id="None" col="298" row="236" width="308" height="420"> </DL_ZONE>
		</DL_PAGE>
	</DL_DOCUMENT>
</GEDI>