<?xml version="1.0" encoding="UTF-8"?>
<!--GEDI is developed at Language and Media Processing Laboratory, University of Maryland.-->
<GEDI xmlns="http://lamp.cfar.umd.edu/GEDI" version="1.0">
	<DL_DOCUMENT src="bea69d00.tif" NrOfPages="1" docTag="xml">
		<DL_PAGE gedi_type="DL_PAGE" src="bea69d00.tif" pageID="1" width="2544" height="3273">
			<DL_ZONE gedi_type="DLSignature" id="None" col="1638" row="1414" width="246" height="112" Overlapped="No" AuthorID="Stuhl, O."> </DL_ZONE>
			<DL_ZONE gedi_type="DLLogo" id="None" col="1364" row="124" width="166" height="78"> </DL_ZONE>
		</DL_PAGE>
	</DL_DOCUMENT>
</GEDI>