<?xml version="1.0" encoding="UTF-8"?>
<!--GEDI is developed at Language and Media Processing Laboratory, University of Maryland.-->
<GEDI xmlns="http://lamp.cfar.umd.edu/GEDI" version="1.0">
	<DL_DOCUMENT src="bfx94e00.tif" NrOfPages="1" docTag="xml">
		<DL_PAGE gedi_type="DL_PAGE" src="bfx94e00.tif" pageID="1" width="2560" height="3095">
			<DL_ZONE gedi_type="DLSignature" id="None" col="1197" row="2496" width="567" height="222" Overlapped="No" AuthorID="Landry, J.T."> </DL_ZONE>
			<DL_ZONE gedi_type="DLLogo" id="None" col="1028" row="110" width="432" height="232"> </DL_ZONE>
		</DL_PAGE>
	</DL_DOCUMENT>
</GEDI>