<?xml version="1.0" encoding="UTF-8"?>
<!--GEDI is developed at Language and Media Processing Laboratory, University of Maryland.-->
<GEDI xmlns="http://lamp.cfar.umd.edu/GEDI" version="1.0">
	<DL_DOCUMENT src="bji44a00.tif" NrOfPages="1" docTag="xml">
		<DL_PAGE gedi_type="DL_PAGE" src="bji44a00.tif" pageID="1" width="1728" height="2292">
			<DL_ZONE gedi_type="DLSignature" id="None" col="537" row="1402" width="326" height="131" Overlapped="Yes" AuthorID="Cowing, M.W."> </DL_ZONE>
			<DL_ZONE gedi_type="DLSignature" id="None" col="1027" row="1402" width="414" height="118" Overlapped="Yes" AuthorID="Murphy, K.A."> </DL_ZONE>
		</DL_PAGE>
	</DL_DOCUMENT>
</GEDI>