<?xml version="1.0" encoding="UTF-8"?>
<!--GEDI is developed at Language and Media Processing Laboratory, University of Maryland.-->
<GEDI xmlns="http://lamp.cfar.umd.edu/GEDI" version="1.0">
	<DL_DOCUMENT src="bjn43c00-page02_2.tif" NrOfPages="1" docTag="xml">
		<DL_PAGE gedi_type="DL_PAGE" src="bjn43c00-page02_2.tif" pageID="1" width="1728" height="2292">
			<DL_ZONE gedi_type="DLSignature" id="" col="249" row="1568" width="391" height="83" Overlapped="No" AuthorID="Daigle, W.P."> </DL_ZONE>
			<DL_ZONE gedi_type="DLLogo" id="None" col="727" row="217" width="202" height="198"> </DL_ZONE>
		</DL_PAGE>
	</DL_DOCUMENT>
</GEDI>