<?xml version="1.0" encoding="UTF-8"?>
<!--GEDI is developed at Language and Media Processing Laboratory, University of Maryland.-->
<GEDI xmlns="http://lamp.cfar.umd.edu/GEDI" version="1.0">
	<DL_DOCUMENT src="bjn43c00-page02_1.tif" NrOfPages="1" docTag="xml">
		<DL_PAGE gedi_type="DL_PAGE" src="bjn43c00-page02_1.tif" pageID="1" width="1728" height="2292">
			<DL_ZONE gedi_type="DLSignature" id="None" col="250" row="1572" width="391" height="83" Overlapped="No" AuthorID="Daigle, W.P."> </DL_ZONE>
			<DL_ZONE gedi_type="DLLogo" id="None" col="78" row="214" width="208" height="204"> </DL_ZONE>
			<DL_ZONE gedi_type="DLLogo" id="" col="400" row="216" width="208" height="204"> </DL_ZONE>
			<DL_ZONE gedi_type="DLLogo" id="" col="724" row="214" width="208" height="204"> </DL_ZONE>
			<DL_ZONE gedi_type="DLLogo" id="" col="1048" row="214" width="208" height="204"> </DL_ZONE>
			<DL_ZONE gedi_type="DLLogo" id="" col="1371" row="216" width="206" height="208"> </DL_ZONE>
		</DL_PAGE>
	</DL_DOCUMENT>
</GEDI>