<?xml version="1.0" encoding="UTF-8"?>
<!--GEDI is developed at Language and Media Processing Laboratory, University of Maryland.-->
<GEDI xmlns="http://lamp.cfar.umd.edu/GEDI" version="1.0">
	<DL_DOCUMENT src="boa85f00.tif" NrOfPages="1" docTag="xml">
		<DL_PAGE gedi_type="DL_PAGE" src="boa85f00.tif" pageID="1" width="1200" height="1575">
			<DL_ZONE gedi_type="DLSignature" id="None" col="729" row="804" width="224" height="73" Overlapped="No" AuthorID="Wortham, E.C."> </DL_ZONE>
			<DL_ZONE gedi_type="DLLogo" id="None" col="153" row="52" width="94" height="92"> </DL_ZONE>
		</DL_PAGE>
	</DL_DOCUMENT>
</GEDI>