<?xml version="1.0" encoding="UTF-8"?>
<!--GEDI is developed at Language and Media Processing Laboratory, University of Maryland.-->
<GEDI xmlns="http://lamp.cfar.umd.edu/GEDI" version="1.0">
	<DL_DOCUMENT src="bsj50c00.tif" NrOfPages="1" docTag="xml">
		<DL_PAGE gedi_type="DL_PAGE" src="bsj50c00.tif" pageID="1" width="1728" height="2292">
			<DL_ZONE gedi_type="DLSignature" id="None" col="873" row="1634" width="446" height="123" Overlapped="No" AuthorID="Bible, G.C."> </DL_ZONE>
			<DL_ZONE gedi_type="DLLogo" id="None" col="713" row="433" width="301" height="185"> </DL_ZONE>
		</DL_PAGE>
	</DL_DOCUMENT>
</GEDI>