<?xml version="1.0" encoding="UTF-8"?>
<!--GEDI is developed at Language and Media Processing Laboratory, University of Maryland.-->
<GEDI xmlns="http://lamp.cfar.umd.edu/GEDI" version="1.0">
	<DL_DOCUMENT src="btt85f00-page2_2.tif" NrOfPages="1" docTag="xml">
		<DL_PAGE gedi_type="DL_PAGE" src="btt85f00-page2_2.tif" pageID="1" width="1200" height="1575">
			<DL_ZONE gedi_type="DLSignature" id="None" col="695" row="759" width="222" height="74" Overlapped="No" AuthorID="Honeycutt, D.G."> </DL_ZONE>
			<DL_ZONE gedi_type="DLLogo" id="None" col="135" row="60" width="94" height="98"> </DL_ZONE>
		</DL_PAGE>
	</DL_DOCUMENT>
</GEDI>