<?xml version="1.0" encoding="UTF-8"?>
<!--GEDI is developed at Language and Media Processing Laboratory, University of Maryland.-->
<GEDI xmlns="http://lamp.cfar.umd.edu/GEDI" version="1.0">
	<DL_DOCUMENT src="btu54a00.tif" NrOfPages="1" docTag="xml">
		<DL_PAGE gedi_type="DL_PAGE" src="btu54a00.tif" pageID="1" width="1728" height="2156">
			<DL_ZONE gedi_type="DLSignature" id="None" col="1081" row="1052" width="282" height="117" Overlapped="Yes" AuthorID="Fassuliotis, Constance"> </DL_ZONE>
			<DL_ZONE gedi_type="DLLogo" id="None" col="254" row="62" width="473" height="148"> </DL_ZONE>
		</DL_PAGE>
	</DL_DOCUMENT>
</GEDI>