<?xml version="1.0" encoding="UTF-8"?>
<!--GEDI is developed at Language and Media Processing Laboratory, University of Maryland.-->
<GEDI xmlns="http://lamp.cfar.umd.edu/GEDI" version="1.0">
	<DL_DOCUMENT src="bug83d00.tif" NrOfPages="1" docTag="xml">
		<DL_PAGE gedi_type="DL_PAGE" src="bug83d00.tif" pageID="1" width="2544" height="3300">
			<DL_ZONE gedi_type="DLSignature" id="None" col="1441" row="1644" width="1018" height="278" Overlapped="Yes" AuthorID="Gourley, R.D."> </DL_ZONE>
			<DL_ZONE gedi_type="DLLogo" id="None" col="183" row="26" width="339" height="151"> </DL_ZONE>
		</DL_PAGE>
	</DL_DOCUMENT>
</GEDI>