<?xml version="1.0" encoding="UTF-8"?>
<!--GEDI is developed at Language and Media Processing Laboratory, University of Maryland.-->
<GEDI xmlns="http://lamp.cfar.umd.edu/GEDI" version="1.0">
	<DL_DOCUMENT src="cch43f00-page02-var_2.tif" NrOfPages="1" docTag="xml">
		<DL_PAGE gedi_type="DL_PAGE" src="cch43f00-page02-var_2.tif" pageID="1" width="2544" height="3282">
			<DL_ZONE gedi_type="DLSignature" id="None" col="813" row="1209" width="549" height="150" Overlapped="Yes" AuthorID="Dunn, W.G."> </DL_ZONE>
			<DL_ZONE gedi_type="DLSignature" id="None" col="1627" row="1138" width="508" height="213" Overlapped="Yes" AuthorID=""> </DL_ZONE>
		</DL_PAGE>
	</DL_DOCUMENT>
</GEDI>