<?xml version="1.0" encoding="UTF-8"?>
<!--GEDI is developed at Language and Media Processing Laboratory, University of Maryland.-->
<GEDI xmlns="http://lamp.cfar.umd.edu/GEDI" version="1.0">
	<DL_DOCUMENT src="ccl77c00-page02_2.tif" NrOfPages="1" docTag="xml">
		<DL_PAGE gedi_type="DL_PAGE" src="ccl77c00-page02_2.tif" pageID="1" width="1728" height="2292">
			<DL_ZONE gedi_type="DLSignature" id="None" col="886" row="842" width="451" height="68" Overlapped="Yes" AuthorID="Newell, M.P."> </DL_ZONE>
			<DL_ZONE gedi_type="DLSignature" id="None" col="850" row="907" width="474" height="195" Overlapped="Yes" AuthorID="Squires, W.C."> </DL_ZONE>
			<DL_ZONE gedi_type="DLSignature" id="None" col="769" row="1092" width="654" height="190" Overlapped="Yes" AuthorID="Worrell, G.W."> </DL_ZONE>
		</DL_PAGE>
	</DL_DOCUMENT>
</GEDI>