<?xml version="1.0" encoding="UTF-8"?>
<!--GEDI is developed at Language and Media Processing Laboratory, University of Maryland.-->
<GEDI xmlns="http://lamp.cfar.umd.edu/GEDI" version="1.0">
	<DL_DOCUMENT src="ceo64a00-page02_2.tif" NrOfPages="1" docTag="xml">
		<DL_PAGE gedi_type="DL_PAGE" src="ceo64a00-page02_2.tif" pageID="1" width="1728" height="2156">
			<DL_ZONE gedi_type="DLSignature" id="None" col="885" row="439" width="522" height="142" Overlapped="Yes" AuthorID="Koplow, M.G."> </DL_ZONE>
			<DL_ZONE gedi_type="DLSignature" id="None" col="546" row="605" width="258" height="152" Overlapped="Yes" AuthorID="Colin, Jan"> </DL_ZONE>
		</DL_PAGE>
	</DL_DOCUMENT>
</GEDI>