<?xml version="1.0" encoding="UTF-8"?>
<!--GEDI is developed at Language and Media Processing Laboratory, University of Maryland.-->
<GEDI xmlns="http://lamp.cfar.umd.edu/GEDI" version="1.0">
	<DL_DOCUMENT src="cgr96c00.tif" NrOfPages="1" docTag="xml">
		<DL_PAGE gedi_type="DL_PAGE" src="cgr96c00.tif" pageID="1" width="1728" height="2292">
			<DL_ZONE gedi_type="DLSignature" id="None" col="941" row="1298" width="373" height="86" Overlapped="No" AuthorID="Whitmire, C.E."> </DL_ZONE>
			<DL_ZONE gedi_type="DLLogo" id="None" col="1181" row="223" width="122" height="133"> </DL_ZONE>
		</DL_PAGE>
	</DL_DOCUMENT>
</GEDI>