<?xml version="1.0" encoding="UTF-8"?>
<!--GEDI is developed at Language and Media Processing Laboratory, University of Maryland.-->
<GEDI xmlns="http://lamp.cfar.umd.edu/GEDI" version="1.0">
	<DL_DOCUMENT src="cgy54f00_1.tif" NrOfPages="1" docTag="xml">
		<DL_PAGE gedi_type="DL_PAGE" src="cgy54f00_1.tif" pageID="1" width="1200" height="1575">
			<DL_ZONE gedi_type="DLSignature" id="" col="736" row="908" width="170" height="79" Overlapped="No" AuthorID="Ligon, R.H."> </DL_ZONE>
			<DL_ZONE gedi_type="DLLogo" id="None" col="123" row="64" width="96" height="89"> </DL_ZONE>
		</DL_PAGE>
	</DL_DOCUMENT>
</GEDI>