<?xml version="1.0" encoding="UTF-8"?>
<!--GEDI is developed at Language and Media Processing Laboratory, University of Maryland.-->
<GEDI xmlns="http://lamp.cfar.umd.edu/GEDI" version="1.0">
	<DL_DOCUMENT src="chg15f00-full_1.tif" NrOfPages="1" docTag="xml">
		<DL_PAGE gedi_type="DL_PAGE" src="chg15f00-full_1.tif" pageID="1" width="1200" height="1575">
			<DL_ZONE gedi_type="DLSignature" id="None" col="596" row="1080" width="305" height="93" Overlapped="Yes" AuthorID="Shipley, D.K."> </DL_ZONE>
			<DL_ZONE gedi_type="DLLogo" id="None" col="55" row="92" width="138" height="137"> </DL_ZONE>
		</DL_PAGE>
	</DL_DOCUMENT>
</GEDI>