<?xml version="1.0" encoding="UTF-8"?>
<!--GEDI is developed at Language and Media Processing Laboratory, University of Maryland.-->
<GEDI xmlns="http://lamp.cfar.umd.edu/GEDI" version="1.0">
	<DL_DOCUMENT src="chw80e00_1.tif" NrOfPages="1" docTag="xml">
		<DL_PAGE gedi_type="DL_PAGE" src="chw80e00_1.tif" pageID="1" width="2560" height="3314">
			<DL_ZONE gedi_type="DLSignature" id="None" col="1591" row="1658" width="377" height="166" Overlapped="Yes" AuthorID="Fassuliotis, Constance"> </DL_ZONE>
			<DL_ZONE gedi_type="DLLogo" id="None" col="316" row="130" width="751" height="235"> </DL_ZONE>
		</DL_PAGE>
	</DL_DOCUMENT>
</GEDI>