<?xml version="1.0" encoding="UTF-8"?>
<!--GEDI is developed at Language and Media Processing Laboratory, University of Maryland.-->
<GEDI xmlns="http://lamp.cfar.umd.edu/GEDI" version="1.0">
	<DL_DOCUMENT src="cir10f00.tif" NrOfPages="1" docTag="xml">
		<DL_PAGE gedi_type="DL_PAGE" src="cir10f00.tif" pageID="1" width="1200" height="1575">
			<DL_ZONE gedi_type="DLSignature" id="None" col="628" row="990" width="183" height="63" Overlapped="Yes" AuthorID="Rajagopal, S."> </DL_ZONE>
			<DL_ZONE gedi_type="DLSignature" id="None" col="208" row="1131" width="192" height="55" Overlapped="Yes" AuthorID=""> </DL_ZONE>
			<DL_ZONE gedi_type="DLLogo" id="None" col="95" row="123" width="120" height="66"> </DL_ZONE>
		</DL_PAGE>
	</DL_DOCUMENT>
</GEDI>