<?xml version="1.0" encoding="UTF-8"?>
<!--GEDI is developed at Language and Media Processing Laboratory, University of Maryland.-->
<GEDI xmlns="http://lamp.cfar.umd.edu/GEDI" version="1.0">
	<DL_DOCUMENT src="cmw13f00.tif" NrOfPages="1" docTag="xml">
		<DL_PAGE gedi_type="DL_PAGE" src="cmw13f00.tif" pageID="1" width="2544" height="3286">
			<DL_ZONE gedi_type="DLSignature" id="None" col="1364" row="1917" width="793" height="172" Overlapped="Yes" AuthorID="Beatty, D.A."> </DL_ZONE>
			<DL_ZONE gedi_type="DLLogo" id="None" col="1098" row="121" width="396" height="226"> </DL_ZONE>
		</DL_PAGE>
	</DL_DOCUMENT>
</GEDI>