<?xml version="1.0" encoding="UTF-8"?>
<!--GEDI is developed at Language and Media Processing Laboratory, University of Maryland.-->
<GEDI xmlns="http://lamp.cfar.umd.edu/GEDI" version="1.0">
	<DL_DOCUMENT src="cmw44e00.tif" NrOfPages="1" docTag="xml">
		<DL_PAGE gedi_type="DL_PAGE" src="cmw44e00.tif" pageID="1" width="2560" height="3296">
			<DL_ZONE gedi_type="DLSignature" id="None" col="1556" row="2298" width="397" height="289" Overlapped="Yes" AuthorID="Boder, J.B."> </DL_ZONE>
			<DL_ZONE gedi_type="DLLogo" id="None" col="1135" row="140" width="357" height="225"> </DL_ZONE>
		</DL_PAGE>
	</DL_DOCUMENT>
</GEDI>