<?xml version="1.0" encoding="UTF-8"?>
<!--GEDI is developed at Language and Media Processing Laboratory, University of Maryland.-->
<GEDI xmlns="http://lamp.cfar.umd.edu/GEDI" version="1.0">
	<DL_DOCUMENT src="cry54f00_1.tif" NrOfPages="1" docTag="xml">
		<DL_PAGE gedi_type="DL_PAGE" src="cry54f00_1.tif" pageID="1" width="1200" height="1575">
			<DL_ZONE gedi_type="DLSignature" id="None" col="624" row="788" width="169" height="95" Overlapped="No" AuthorID="Ligon, R.H."> </DL_ZONE>
			<DL_ZONE gedi_type="DLLogo" id="None" col="119" row="52" width="96" height="97"> </DL_ZONE>
		</DL_PAGE>
	</DL_DOCUMENT>
</GEDI>