<?xml version="1.0" encoding="UTF-8"?>
<!--GEDI is developed at Language and Media Processing Laboratory, University of Maryland.-->
<GEDI xmlns="http://lamp.cfar.umd.edu/GEDI" version="1.0">
	<DL_DOCUMENT src="cxk72e00-page03_3.tif" NrOfPages="1" docTag="xml">
		<DL_PAGE gedi_type="DL_PAGE" src="cxk72e00-page03_3.tif" pageID="1" width="2560" height="3167">
			<DL_ZONE gedi_type="DLSignature" id="None" col="1599" row="1707" width="361" height="101" Overlapped="Yes" AuthorID=""> </DL_ZONE>
			<DL_ZONE gedi_type="DLSignature" id="None" col="363" row="2028" width="746" height="213" Overlapped="Yes" AuthorID="Ferraro, C.J."> </DL_ZONE>
		</DL_PAGE>
	</DL_DOCUMENT>
</GEDI>