<?xml version="1.0" encoding="UTF-8"?>
<!--GEDI is developed at Language and Media Processing Laboratory, University of Maryland.-->
<GEDI xmlns="http://lamp.cfar.umd.edu/GEDI" version="1.0">
	<DL_DOCUMENT src="dch31f00.tif" NrOfPages="1" docTag="xml">
		<DL_PAGE gedi_type="DL_PAGE" src="dch31f00.tif" pageID="1" width="1200" height="1575">
			<DL_ZONE gedi_type="DLSignature" id="None" col="691" row="869" width="276" height="64" Overlapped="Yes" AuthorID="Charles, F.K."> </DL_ZONE>
			<DL_ZONE gedi_type="DLLogo" id="None" col="488" row="92" width="178" height="99"> </DL_ZONE>
		</DL_PAGE>
	</DL_DOCUMENT>
</GEDI>