<?xml version="1.0" encoding="UTF-8"?>
<!--GEDI is developed at Language and Media Processing Laboratory, University of Maryland.-->
<GEDI xmlns="http://lamp.cfar.umd.edu/GEDI" version="1.0">
	<DL_DOCUMENT src="dgi64c00.tif" NrOfPages="1" docTag="xml">
		<DL_PAGE gedi_type="DL_PAGE" src="dgi64c00.tif" pageID="1" width="1728" height="2292">
			<DL_ZONE gedi_type="DLSignature" id="None" col="933" row="1139" width="396" height="109" Overlapped="Yes" AuthorID="Schultz, F.J."> </DL_ZONE>
			<DL_ZONE gedi_type="DLSignature" id="None" col="902" row="1986" width="430" height="84" Overlapped="Yes" AuthorID=""> </DL_ZONE>
			<DL_ZONE gedi_type="DLSignature" id="None" col="936" row="2067" width="451" height="73" Overlapped="Yes" AuthorID=""> </DL_ZONE>
			<DL_ZONE gedi_type="DLLogo" id="None" col="93" row="340" width="455" height="146"> </DL_ZONE>
		</DL_PAGE>
	</DL_DOCUMENT>
</GEDI>