<?xml version="1.0" encoding="UTF-8"?>
<!--GEDI is developed at Language and Media Processing Laboratory, University of Maryland.-->
<GEDI xmlns="http://lamp.cfar.umd.edu/GEDI" version="1.0">
	<DL_DOCUMENT src="dic45f00_1.tif" NrOfPages="1" docTag="xml">
		<DL_PAGE gedi_type="DL_PAGE" src="dic45f00_1.tif" pageID="1" width="1200" height="1575">
			<DL_ZONE gedi_type="DLSignature" id="None" col="797" row="1073" width="249" height="220" Overlapped="Yes" AuthorID="Jarrett, J.E."> </DL_ZONE>
			<DL_ZONE gedi_type="DLLogo" id="None" col="208" row="161" width="92" height="84"> </DL_ZONE>
		</DL_PAGE>
	</DL_DOCUMENT>
</GEDI>