<?xml version="1.0" encoding="UTF-8"?>
<!--GEDI is developed at Language and Media Processing Laboratory, University of Maryland.-->
<GEDI xmlns="http://lamp.cfar.umd.edu/GEDI" version="1.0">
	<DL_DOCUMENT src="djw26d00.tif" NrOfPages="1" docTag="xml">
		<DL_PAGE gedi_type="DL_PAGE" src="djw26d00.tif" pageID="1" width="1728" height="2292">
			<DL_ZONE gedi_type="DLSignature" id="None" col="346" row="1681" width="279" height="73" Overlapped="Yes" AuthorID="Idle, J.R."> </DL_ZONE>
			<DL_ZONE gedi_type="DLLogo" id="None" col="1168" row="179" width="172" height="205"> </DL_ZONE>
		</DL_PAGE>
	</DL_DOCUMENT>
</GEDI>