<?xml version="1.0" encoding="UTF-8"?>
<!--GEDI is developed at Language and Media Processing Laboratory, University of Maryland.-->
<GEDI xmlns="http://lamp.cfar.umd.edu/GEDI" version="1.0">
	<DL_DOCUMENT src="djz54f00.tif" NrOfPages="1" docTag="xml">
		<DL_PAGE gedi_type="DL_PAGE" src="djz54f00.tif" pageID="1" width="1200" height="1575">
			<DL_ZONE gedi_type="DLSignature" id="None" col="671" row="1033" width="258" height="103" Overlapped="No" AuthorID="Wortham, E.C."> </DL_ZONE>
			<DL_ZONE gedi_type="DLLogo" id="None" col="128" row="53" width="92" height="94"> </DL_ZONE>
		</DL_PAGE>
	</DL_DOCUMENT>
</GEDI>