<?xml version="1.0" encoding="UTF-8"?>
<!--GEDI is developed at Language and Media Processing Laboratory, University of Maryland.-->
<GEDI xmlns="http://lamp.cfar.umd.edu/GEDI" version="1.0">
	<DL_DOCUMENT src="dqn43c00.tif" NrOfPages="1" docTag="xml">
		<DL_PAGE gedi_type="DL_PAGE" src="dqn43c00.tif" pageID="1" width="1728" height="2292">
			<DL_ZONE gedi_type="DLSignature" id="None" col="269" row="1486" width="296" height="81" Overlapped="No" AuthorID="Daigle, W.P."> </DL_ZONE>
			<DL_ZONE gedi_type="DLLogo" id="None" col="103" row="221" width="206" height="209"> </DL_ZONE>
			<DL_ZONE gedi_type="DLLogo" id="" col="427" row="221" width="206" height="209"> </DL_ZONE>
			<DL_ZONE gedi_type="DLLogo" id="" col="749" row="221" width="206" height="209"> </DL_ZONE>
			<DL_ZONE gedi_type="DLLogo" id="" col="1075" row="223" width="206" height="209"> </DL_ZONE>
			<DL_ZONE gedi_type="DLLogo" id="" col="1397" row="223" width="206" height="209"> </DL_ZONE>
		</DL_PAGE>
	</DL_DOCUMENT>
</GEDI>