<?xml version="1.0" encoding="UTF-8"?>
<!--GEDI is developed at Language and Media Processing Laboratory, University of Maryland.-->
<GEDI xmlns="http://lamp.cfar.umd.edu/GEDI" version="1.0">
	<DL_DOCUMENT src="drm00d00.tif" NrOfPages="1" docTag="xml">
		<DL_PAGE gedi_type="DL_PAGE" src="drm00d00.tif" pageID="1" width="1728" height="2292">
			<DL_ZONE gedi_type="DLSignature" id="None" col="799" row="1416" width="566" height="205" Overlapped="No" AuthorID="Sudol, Marius"> </DL_ZONE>
			<DL_ZONE gedi_type="DLLogo" id="None" col="140" row="53" width="198" height="184"> </DL_ZONE>
		</DL_PAGE>
	</DL_DOCUMENT>
</GEDI>