<?xml version="1.0" encoding="UTF-8"?>
<!--GEDI is developed at Language and Media Processing Laboratory, University of Maryland.-->
<GEDI xmlns="http://lamp.cfar.umd.edu/GEDI" version="1.0">
	<DL_DOCUMENT src="dvr41a00.tif" NrOfPages="1" docTag="xml">
		<DL_PAGE gedi_type="DL_PAGE" src="dvr41a00.tif" pageID="1" width="1200" height="1575">
			<DL_ZONE gedi_type="DLSignature" id="None" col="590" row="967" width="298" height="62" Overlapped="Yes" AuthorID="Pepples, Ernest"> </DL_ZONE>
			<DL_ZONE gedi_type="DLLogo" id="None" col="471" row="58" width="176" height="94"> </DL_ZONE>
		</DL_PAGE>
	</DL_DOCUMENT>
</GEDI>