<?xml version="1.0" encoding="UTF-8"?>
<!--GEDI is developed at Language and Media Processing Laboratory, University of Maryland.-->
<GEDI xmlns="http://lamp.cfar.umd.edu/GEDI" version="1.0">
	<DL_DOCUMENT src="eao90f00.tif" NrOfPages="1" docTag="xml">
		<DL_PAGE gedi_type="DL_PAGE" src="eao90f00.tif" pageID="1" width="1200" height="1575">
			<DL_ZONE gedi_type="DLSignature" id="None" col="520" row="879" width="316" height="92" Overlapped="Yes" AuthorID="Hendershot, M.L."> </DL_ZONE>
			<DL_ZONE gedi_type="DLLogo" id="None" col="101" row="67" width="164" height="76"> </DL_ZONE>
		</DL_PAGE>
	</DL_DOCUMENT>
</GEDI>