<?xml version="1.0" encoding="UTF-8"?>
<!--GEDI is developed at Language and Media Processing Laboratory, University of Maryland.-->
<GEDI xmlns="http://lamp.cfar.umd.edu/GEDI" version="1.0">
	<DL_DOCUMENT src="eat60e00.tif" NrOfPages="1" docTag="xml">
		<DL_PAGE gedi_type="DL_PAGE" src="eat60e00.tif" pageID="1" width="2560" height="3034">
			<DL_ZONE gedi_type="DLSignature" id="None" col="1561" row="1572" width="492" height="150" Overlapped="Yes" AuthorID="Fassuliotis, Constance"> </DL_ZONE>
			<DL_ZONE gedi_type="DLLogo" id="None" col="216" row="75" width="797" height="220"> </DL_ZONE>
		</DL_PAGE>
	</DL_DOCUMENT>
</GEDI>