<?xml version="1.0" encoding="UTF-8"?>
<!--GEDI is developed at Language and Media Processing Laboratory, University of Maryland.-->
<GEDI xmlns="http://lamp.cfar.umd.edu/GEDI" version="1.0">
	<DL_DOCUMENT src="ecv85f00.tif" NrOfPages="1" docTag="xml">
		<DL_PAGE gedi_type="DL_PAGE" src="ecv85f00.tif" pageID="1" width="1200" height="1575">
			<DL_ZONE gedi_type="DLSignature" id="None" col="947" row="766" width="152" height="85" Overlapped="No" AuthorID=""> </DL_ZONE>
			<DL_ZONE gedi_type="DLSignature" id="None" col="598" row="910" width="304" height="106" Overlapped="Yes" AuthorID="Whelan, F.X."> </DL_ZONE>
			<DL_ZONE gedi_type="DLLogo" id="None" col="105" row="36" width="190" height="182"> </DL_ZONE>
		</DL_PAGE>
	</DL_DOCUMENT>
</GEDI>