<?xml version="1.0" encoding="UTF-8"?>
<!--GEDI is developed at Language and Media Processing Laboratory, University of Maryland.-->
<GEDI xmlns="http://lamp.cfar.umd.edu/GEDI" version="1.0">
	<DL_DOCUMENT src="ege23f00_1.tif" NrOfPages="1" docTag="xml">
		<DL_PAGE gedi_type="DL_PAGE" src="ege23f00_1.tif" pageID="1" width="2544" height="3299">
			<DL_ZONE gedi_type="DLSignature" id="None" col="259" row="2616" width="582" height="229" Overlapped="Yes" AuthorID="Beatty, D.A."> </DL_ZONE>
			<DL_ZONE gedi_type="DLLogo" id="None" col="1004" row="134" width="417" height="234"> </DL_ZONE>
		</DL_PAGE>
	</DL_DOCUMENT>
</GEDI>