<?xml version="1.0" encoding="UTF-8"?>
<!--GEDI is developed at Language and Media Processing Laboratory, University of Maryland.-->
<GEDI xmlns="http://lamp.cfar.umd.edu/GEDI" version="1.0">
	<DL_DOCUMENT src="ehi41f00.tif" NrOfPages="1" docTag="xml">
		<DL_PAGE gedi_type="DL_PAGE" src="ehi41f00.tif" pageID="1" width="1200" height="1575">
			<DL_ZONE gedi_type="DLSignature" id="None" col="595" row="1143" width="235" height="74" Overlapped="No" AuthorID="Chakraborty, B.B."> </DL_ZONE>
			<DL_ZONE gedi_type="DLLogo" id="None" col="473" row="160" width="67" height="76"> </DL_ZONE>
		</DL_PAGE>
	</DL_DOCUMENT>
</GEDI>