<?xml version="1.0" encoding="UTF-8"?>
<!--GEDI is developed at Language and Media Processing Laboratory, University of Maryland.-->
<GEDI xmlns="http://lamp.cfar.umd.edu/GEDI" version="1.0">
	<DL_DOCUMENT src="eig45f00.tif" NrOfPages="1" docTag="xml">
		<DL_PAGE gedi_type="DL_PAGE" src="eig45f00.tif" pageID="1" width="1200" height="1575">
			<DL_ZONE gedi_type="DLSignature" id="None" col="645" row="827" width="263" height="144" Overlapped="Yes" AuthorID="Jarrett, J.E."> </DL_ZONE>
			<DL_ZONE gedi_type="DLLogo" id="None" col="154" row="49" width="93" height="94"> </DL_ZONE>
		</DL_PAGE>
	</DL_DOCUMENT>
</GEDI>