<?xml version="1.0" encoding="UTF-8"?>
<!--GEDI is developed at Language and Media Processing Laboratory, University of Maryland.-->
<GEDI xmlns="http://lamp.cfar.umd.edu/GEDI" version="1.0">
	<DL_DOCUMENT src="enj41f00.tif" NrOfPages="1" docTag="xml">
		<DL_PAGE gedi_type="DL_PAGE" src="enj41f00.tif" pageID="1" width="1200" height="1575">
			<DL_ZONE gedi_type="DLSignature" id="None" col="649" row="836" width="289" height="61" Overlapped="Yes" AuthorID="Hamann, M.A."> </DL_ZONE>
			<DL_ZONE gedi_type="DLLogo" id="None" col="526" row="106" width="50" height="62"> </DL_ZONE>
		</DL_PAGE>
	</DL_DOCUMENT>
</GEDI>