<?xml version="1.0" encoding="UTF-8"?>
<!--GEDI is developed at Language and Media Processing Laboratory, University of Maryland.-->
<GEDI xmlns="http://lamp.cfar.umd.edu/GEDI" version="1.0">
	<DL_DOCUMENT src="erw85a00.tif" NrOfPages="1" docTag="xml">
		<DL_PAGE gedi_type="DL_PAGE" src="erw85a00.tif" pageID="1" width="1728" height="2292">
			<DL_ZONE gedi_type="DLSignature" id="None" col="983" row="1244" width="390" height="124" Overlapped="Yes" AuthorID="Squires, W.C."> </DL_ZONE>
			<DL_ZONE gedi_type="DLLogo" id="None" col="292" row="360" width="179" height="88"> </DL_ZONE>
		</DL_PAGE>
	</DL_DOCUMENT>
</GEDI>