<?xml version="1.0" encoding="UTF-8"?>
<!--GEDI is developed at Language and Media Processing Laboratory, University of Maryland.-->
<GEDI xmlns="http://lamp.cfar.umd.edu/GEDI" version="1.0">
	<DL_DOCUMENT src="esk12d00.tif" NrOfPages="1" docTag="xml">
		<DL_PAGE gedi_type="DL_PAGE" src="esk12d00.tif" pageID="1" width="2400" height="3150">
			<DL_ZONE gedi_type="DLSignature" id="None" col="507" row="2339" width="370" height="163" Overlapped="Yes" AuthorID="Sherman, Alan"> </DL_ZONE>
			<DL_ZONE gedi_type="DLSignature" id="None" col="518" row="2124" width="524" height="96" Overlapped="Yes" AuthorID=""> </DL_ZONE>
		</DL_PAGE>
	</DL_DOCUMENT>
</GEDI>