<?xml version="1.0" encoding="UTF-8"?>
<!--GEDI is developed at Language and Media Processing Laboratory, University of Maryland.-->
<GEDI xmlns="http://lamp.cfar.umd.edu/GEDI" version="1.0">
	<DL_DOCUMENT src="ewx61c00.tif" NrOfPages="1" docTag="xml">
		<DL_PAGE gedi_type="DL_PAGE" src="ewx61c00.tif" pageID="1" width="1728" height="2292">
			<DL_ZONE gedi_type="DLSignature" id="None" col="250" row="1376" width="350" height="118" Overlapped="Yes" AuthorID="Camisa, R.J."> </DL_ZONE>
			<DL_ZONE gedi_type="DLLogo" id="None" col="755" row="204" width="186" height="110"> </DL_ZONE>
		</DL_PAGE>
	</DL_DOCUMENT>
</GEDI>