<?xml version="1.0" encoding="UTF-8"?>
<!--GEDI is developed at Language and Media Processing Laboratory, University of Maryland.-->
<GEDI xmlns="http://lamp.cfar.umd.edu/GEDI" version="1.0">
	<DL_DOCUMENT src="exl43d00-page02_2.tif" NrOfPages="1" docTag="xml">
		<DL_PAGE gedi_type="DL_PAGE" src="exl43d00-page02_2.tif" pageID="1" width="2544" height="3257">
			<DL_ZONE gedi_type="DLSignature" id="None" col="1573" row="1462" width="738" height="130" Overlapped="Yes" AuthorID="Neel, R.M."> </DL_ZONE>
			<DL_ZONE gedi_type="DLSignature" id="None" col="2052" row="1695" width="182" height="163" Overlapped="Yes" AuthorID=""> </DL_ZONE>
		</DL_PAGE>
	</DL_DOCUMENT>
</GEDI>