<?xml version="1.0" encoding="UTF-8"?>
<!--GEDI is developed at Language and Media Processing Laboratory, University of Maryland.-->
<GEDI xmlns="http://lamp.cfar.umd.edu/GEDI" version="1.0">
	<DL_DOCUMENT src="eys04c00-page04_4.tif" NrOfPages="1" docTag="xml">
		<DL_PAGE gedi_type="DL_PAGE" src="eys04c00-page04_4.tif" pageID="1" width="1728" height="2292">
			<DL_ZONE gedi_type="DLSignature" id="None" col="923" row="1066" width="353" height="94" Overlapped="Yes" AuthorID=""> </DL_ZONE>
			<DL_ZONE gedi_type="DLSignature" id="None" col="261" row="1279" width="490" height="156" Overlapped="Yes" AuthorID="Ferraro, C.J."> </DL_ZONE>
		</DL_PAGE>
	</DL_DOCUMENT>
</GEDI>