<?xml version="1.0" encoding="UTF-8"?>
<!--GEDI is developed at Language and Media Processing Laboratory, University of Maryland.-->
<GEDI xmlns="http://lamp.cfar.umd.edu/GEDI" version="1.0">
	<DL_DOCUMENT src="fbv15e00.tif" NrOfPages="1" docTag="xml">
		<DL_PAGE gedi_type="DL_PAGE" src="fbv15e00.tif" pageID="1" width="2560" height="3257">
			<DL_ZONE gedi_type="DLSignature" id="None" col="1228" row="2062" width="907" height="146" Overlapped="Yes" AuthorID="Hendershot, M.L."> </DL_ZONE>
			<DL_ZONE gedi_type="DLLogo" id="None" col="1904" row="75" width="282" height="114"> </DL_ZONE>
		</DL_PAGE>
	</DL_DOCUMENT>
</GEDI>