<?xml version="1.0" encoding="UTF-8"?>
<!--GEDI is developed at Language and Media Processing Laboratory, University of Maryland.-->
<GEDI xmlns="http://lamp.cfar.umd.edu/GEDI" version="1.0">
	<DL_DOCUMENT src="fcb93e00.tif" NrOfPages="1" docTag="xml">
		<DL_PAGE gedi_type="DL_PAGE" src="fcb93e00.tif" pageID="1" width="2560" height="3215">
			<DL_ZONE gedi_type="DLSignature" id="None" col="1488" row="2678" width="563" height="125" Overlapped="Yes" AuthorID="Bible, G.C."> </DL_ZONE>
			<DL_ZONE gedi_type="DLLogo" id="None" col="1162" row="46" width="306" height="192"> </DL_ZONE>
		</DL_PAGE>
	</DL_DOCUMENT>
</GEDI>