<?xml version="1.0" encoding="UTF-8"?>
<!--GEDI is developed at Language and Media Processing Laboratory, University of Maryland.-->
<GEDI xmlns="http://lamp.cfar.umd.edu/GEDI" version="1.0">
	<DL_DOCUMENT src="fez35f00.tif" NrOfPages="1" docTag="xml">
		<DL_PAGE gedi_type="DL_PAGE" src="fez35f00.tif" pageID="1" width="1200" height="1575">
			<DL_ZONE gedi_type="DLSignature" id="None" col="557" row="1132" width="240" height="37" Overlapped="Yes" AuthorID="Holek, M.L."> </DL_ZONE>
			<DL_ZONE gedi_type="DLLogo" id="None" col="31" row="111" width="134" height="132"> </DL_ZONE>
		</DL_PAGE>
	</DL_DOCUMENT>
</GEDI>