<?xml version="1.0" encoding="UTF-8"?>
<!--GEDI is developed at Language and Media Processing Laboratory, University of Maryland.-->
<GEDI xmlns="http://lamp.cfar.umd.edu/GEDI" version="1.0">
	<DL_DOCUMENT src="fft10f00.tif" NrOfPages="1" docTag="xml">
		<DL_PAGE gedi_type="DL_PAGE" src="fft10f00.tif" pageID="1" width="1200" height="1575">
			<DL_ZONE gedi_type="DLSignature" id="None" col="600" row="999" width="317" height="78" Overlapped="Yes" AuthorID="Schultz, F.J."> </DL_ZONE>
			<DL_ZONE gedi_type="DLLogo" id="None" col="774" row="67" width="181" height="141"> </DL_ZONE>
		</DL_PAGE>
	</DL_DOCUMENT>
</GEDI>