<?xml version="1.0" encoding="UTF-8"?>
<!--GEDI is developed at Language and Media Processing Laboratory, University of Maryland.-->
<GEDI xmlns="http://lamp.cfar.umd.edu/GEDI" version="1.0">
	<DL_DOCUMENT src="fre41e00.tif" NrOfPages="1" docTag="xml">
		<DL_PAGE gedi_type="DL_PAGE" src="fre41e00.tif" pageID="1" width="2560" height="3282">
			<DL_ZONE gedi_type="DLSignature" id="None" col="532" row="1585" width="655" height="189" Overlapped="Yes" AuthorID="Heck, J.D."> </DL_ZONE>
			<DL_ZONE gedi_type="DLLogo" id="None" col="112" row="192" width="737" height="236"> </DL_ZONE>
		</DL_PAGE>
	</DL_DOCUMENT>
</GEDI>