<?xml version="1.0" encoding="UTF-8"?>
<!--GEDI is developed at Language and Media Processing Laboratory, University of Maryland.-->
<GEDI xmlns="http://lamp.cfar.umd.edu/GEDI" version="1.0">
	<DL_DOCUMENT src="fsc51a00.tif" NrOfPages="1" docTag="xml">
		<DL_PAGE gedi_type="DL_PAGE" src="fsc51a00.tif" pageID="1" width="1200" height="1575">
			<DL_ZONE gedi_type="DLSignature" id="None" col="669" row="855" width="271" height="72" Overlapped="No" AuthorID="Pepples, Ernest"> </DL_ZONE>
			<DL_ZONE gedi_type="DLLogo" id="None" col="487" row="54" width="172" height="93"> </DL_ZONE>
		</DL_PAGE>
	</DL_DOCUMENT>
</GEDI>