<?xml version="1.0" encoding="UTF-8"?>
<!--GEDI is developed at Language and Media Processing Laboratory, University of Maryland.-->
<GEDI xmlns="http://lamp.cfar.umd.edu/GEDI" version="1.0">
	<DL_DOCUMENT src="fwe69c00.tif" NrOfPages="1" docTag="xml">
		<DL_PAGE gedi_type="DL_PAGE" src="fwe69c00.tif" pageID="1" width="1728" height="2292">
			<DL_ZONE gedi_type="DLSignature" id="None" col="894" row="1246" width="412" height="172" Overlapped="Yes" AuthorID="Feldman, J.D."> </DL_ZONE>
			<DL_ZONE gedi_type="DLLogo" id="None" col="246" row="42" width="112" height="113"> </DL_ZONE>
		</DL_PAGE>
	</DL_DOCUMENT>
</GEDI>