<?xml version="1.0" encoding="UTF-8"?>
<!--GEDI is developed at Language and Media Processing Laboratory, University of Maryland.-->
<GEDI xmlns="http://lamp.cfar.umd.edu/GEDI" version="1.0">
	<DL_DOCUMENT src="fzf54f00_1.tif" NrOfPages="1" docTag="xml">
		<DL_PAGE gedi_type="DL_PAGE" src="fzf54f00_1.tif" pageID="1" width="1200" height="1575">
			<DL_ZONE gedi_type="DLSignature" id="None" col="610" row="847" width="269" height="76" Overlapped="Yes" AuthorID="Schultz, F.J."> </DL_ZONE>
			<DL_ZONE gedi_type="DLLogo" id="None" col="839" row="68" width="193" height="139"> </DL_ZONE>
		</DL_PAGE>
	</DL_DOCUMENT>
</GEDI>