<?xml version="1.0" encoding="UTF-8"?>
<!--GEDI is developed at Language and Media Processing Laboratory, University of Maryland.-->
<GEDI xmlns="http://lamp.cfar.umd.edu/GEDI" version="1.0">
	<DL_DOCUMENT src="fzx20e00-page02_2.tif" NrOfPages="1" docTag="xml">
		<DL_PAGE gedi_type="DL_PAGE" src="fzx20e00-page02_2.tif" pageID="1" width="2560" height="3295">
			<DL_ZONE gedi_type="DLSignature" id="None" col="1254" row="1614" width="438" height="132" Overlapped="Yes" AuthorID="Whitehair, T.E."> </DL_ZONE>
			<DL_ZONE gedi_type="DLSignature" id="None" col="495" row="2362" width="620" height="158" Overlapped="Yes" AuthorID="Bleustein, J.L."> </DL_ZONE>
		</DL_PAGE>
	</DL_DOCUMENT>
</GEDI>