<?xml version="1.0" encoding="UTF-8"?>
<!--GEDI is developed at Language and Media Processing Laboratory, University of Maryland.-->
<GEDI xmlns="http://lamp.cfar.umd.edu/GEDI" version="1.0">
	<DL_DOCUMENT src="gal01c00.tif" NrOfPages="1" docTag="xml">
		<DL_PAGE gedi_type="DL_PAGE" src="gal01c00.tif" pageID="1" width="1600" height="2100">
			<DL_ZONE gedi_type="DLSignature" id="None" col="873" row="989" width="489" height="89" Overlapped="Yes" AuthorID="Hamann, M.A."> </DL_ZONE>
			<DL_ZONE gedi_type="DLLogo" id="None" col="699" row="45" width="99" height="119"> </DL_ZONE>
		</DL_PAGE>
	</DL_DOCUMENT>
</GEDI>