<?xml version="1.0" encoding="UTF-8"?>
<!--GEDI is developed at Language and Media Processing Laboratory, University of Maryland.-->
<GEDI xmlns="http://lamp.cfar.umd.edu/GEDI" version="1.0">
	<DL_DOCUMENT src="gcv85f00.tif" NrOfPages="1" docTag="xml">
		<DL_PAGE gedi_type="DL_PAGE" src="gcv85f00.tif" pageID="1" width="1200" height="1575">
			<DL_ZONE gedi_type="DLSignature" id="None" col="601" row="1156" width="296" height="98" Overlapped="Yes" AuthorID="Whelan, F.X."> </DL_ZONE>
			<DL_ZONE gedi_type="DLSignature" id="None" col="938" row="673" width="147" height="90" Overlapped="Yes" AuthorID=""> </DL_ZONE>
			<DL_ZONE gedi_type="DLLogo" id="None" col="85" row="42" width="201" height="181"> </DL_ZONE>
		</DL_PAGE>
	</DL_DOCUMENT>
</GEDI>