<?xml version="1.0" encoding="UTF-8"?>
<!--GEDI is developed at Language and Media Processing Laboratory, University of Maryland.-->
<GEDI xmlns="http://lamp.cfar.umd.edu/GEDI" version="1.0">
	<DL_DOCUMENT src="getdoc.tif" NrOfPages="1" docTag="xml">
		<DL_PAGE gedi_type="DL_PAGE" src="getdoc.tif" pageID="1" width="2480" height="3300">
			<DL_ZONE gedi_type="DLSignature" id="None" col="1384" row="1888" width="496" height="105" Overlapped="Yes" AuthorID="Whitmire, C.E."> </DL_ZONE>
			<DL_ZONE gedi_type="DLLogo" id="None" col="1654" row="286" width="174" height="182"> </DL_ZONE>
		</DL_PAGE>
	</DL_DOCUMENT>
</GEDI>