<?xml version="1.0" encoding="UTF-8"?>
<!--GEDI is developed at Language and Media Processing Laboratory, University of Maryland.-->
<GEDI xmlns="http://lamp.cfar.umd.edu/GEDI" version="1.0">
	<DL_DOCUMENT src="gfg5aa00.tif" NrOfPages="1" docTag="xml">
		<DL_PAGE gedi_type="DL_PAGE" src="gfg5aa00.tif" pageID="1" width="2544" height="3300">
			<DL_ZONE gedi_type="DLSignature" id="None" col="1648" row="2016" width="391" height="112" Overlapped="Yes" AuthorID="Little, C.C."> </DL_ZONE>
			<DL_ZONE gedi_type="DLSignature" id="None" col="756" row="2028" width="345" height="333" Overlapped="Yes" AuthorID="Hoyt, W.T."> </DL_ZONE>
		</DL_PAGE>
	</DL_DOCUMENT>
</GEDI>