<?xml version="1.0" encoding="UTF-8"?>
<!--GEDI is developed at Language and Media Processing Laboratory, University of Maryland.-->
<GEDI xmlns="http://lamp.cfar.umd.edu/GEDI" version="1.0">
	<DL_DOCUMENT src="gfz10e00.tif" NrOfPages="1" docTag="xml">
		<DL_PAGE gedi_type="DL_PAGE" src="gfz10e00.tif" pageID="1" width="2560" height="3294">
			<DL_ZONE gedi_type="DLSignature" id="None" col="220" row="1861" width="693" height="155" Overlapped="Yes" AuthorID="Jessup, H.S."> </DL_ZONE>
			<DL_ZONE gedi_type="DLLogo" id="None" col="130" row="110" width="720" height="224"> </DL_ZONE>
		</DL_PAGE>
	</DL_DOCUMENT>
</GEDI>