<?xml version="1.0" encoding="UTF-8"?>
<!--GEDI is developed at Language and Media Processing Laboratory, University of Maryland.-->
<GEDI xmlns="http://lamp.cfar.umd.edu/GEDI" version="1.0">
	<DL_DOCUMENT src="gjl70a00-page2_2.tif" NrOfPages="1" docTag="xml">
		<DL_PAGE gedi_type="DL_PAGE" src="gjl70a00-page2_2.tif" pageID="1" width="1200" height="1575">
			<DL_ZONE gedi_type="DLSignature" id="None" col="608" row="697" width="375" height="75" Overlapped="Yes" AuthorID="Coiley, G.K."> </DL_ZONE>
			<DL_ZONE gedi_type="DLSignature" id="None" col="678" row="980" width="98" height="99" Overlapped="Yes" AuthorID=""> </DL_ZONE>
			<DL_ZONE gedi_type="DLSignature" id="None" col="308" row="905" width="133" height="172" Overlapped="Yes" AuthorID=""> </DL_ZONE>
		</DL_PAGE>
	</DL_DOCUMENT>
</GEDI>