<?xml version="1.0" encoding="UTF-8"?>
<!--GEDI is developed at Language and Media Processing Laboratory, University of Maryland.-->
<GEDI xmlns="http://lamp.cfar.umd.edu/GEDI" version="1.0">
	<DL_DOCUMENT src="gjw13f00.tif" NrOfPages="1" docTag="xml">
		<DL_PAGE gedi_type="DL_PAGE" src="gjw13f00.tif" pageID="1" width="2544" height="3293">
			<DL_ZONE gedi_type="DLSignature" id="None" col="336" row="2286" width="600" height="155" Overlapped="Yes" AuthorID="Pellett, B.R."> </DL_ZONE>
			<DL_ZONE gedi_type="DLLogo" id="None" col="1068" row="153" width="402" height="218"> </DL_ZONE>
		</DL_PAGE>
	</DL_DOCUMENT>
</GEDI>