<?xml version="1.0" encoding="UTF-8"?>
<!--GEDI is developed at Language and Media Processing Laboratory, University of Maryland.-->
<GEDI xmlns="http://lamp.cfar.umd.edu/GEDI" version="1.0">
	<DL_DOCUMENT src="gmk15f00.tif" NrOfPages="1" docTag="xml">
		<DL_PAGE gedi_type="DL_PAGE" src="gmk15f00.tif" pageID="1" width="1200" height="1575">
			<DL_ZONE gedi_type="DLSignature" id="None" col="734" row="1091" width="226" height="89" Overlapped="No" AuthorID="Shipley, D.K."> </DL_ZONE>
			<DL_ZONE gedi_type="DLLogo" id="None" col="134" row="63" width="91" height="86"> </DL_ZONE>
		</DL_PAGE>
	</DL_DOCUMENT>
</GEDI>