<?xml version="1.0" encoding="UTF-8"?>
<!--GEDI is developed at Language and Media Processing Laboratory, University of Maryland.-->
<GEDI xmlns="http://lamp.cfar.umd.edu/GEDI" version="1.0">
	<DL_DOCUMENT src="gpq38e00-page02_2.tif" NrOfPages="1" docTag="xml">
		<DL_PAGE gedi_type="DL_PAGE" src="gpq38e00-page02_2.tif" pageID="1" width="2560" height="3296">
			<DL_ZONE gedi_type="DLSignature" id="None" col="875" row="2196" width="345" height="251" Overlapped="Yes" AuthorID="Boder, J.B."> </DL_ZONE>
			<DL_ZONE gedi_type="DLLogo" id="None" col="1129" row="107" width="403" height="248"> </DL_ZONE>
		</DL_PAGE>
	</DL_DOCUMENT>
</GEDI>