<?xml version="1.0" encoding="UTF-8"?>
<!--GEDI is developed at Language and Media Processing Laboratory, University of Maryland.-->
<GEDI xmlns="http://lamp.cfar.umd.edu/GEDI" version="1.0">
	<DL_DOCUMENT src="gpx9aa00-first.tif" NrOfPages="1" docTag="xml">
		<DL_PAGE gedi_type="DL_PAGE" src="gpx9aa00-first.tif" pageID="1" width="2520" height="3125">
			<DL_ZONE gedi_type="DLSignature" id="None" col="1156" row="1916" width="988" height="188" Overlapped="Yes" AuthorID="Bowden, D.H."> </DL_ZONE>
			<DL_ZONE gedi_type="DLLogo" id="None" col="1166" row="87" width="187" height="255"> </DL_ZONE>
		</DL_PAGE>
	</DL_DOCUMENT>
</GEDI>