<?xml version="1.0" encoding="UTF-8"?>
<!--GEDI is developed at Language and Media Processing Laboratory, University of Maryland.-->
<GEDI xmlns="http://lamp.cfar.umd.edu/GEDI" version="1.0">
	<DL_DOCUMENT src="grm00d00.tif" NrOfPages="1" docTag="xml">
		<DL_PAGE gedi_type="DL_PAGE" src="grm00d00.tif" pageID="1" width="1728" height="2292">
			<DL_ZONE gedi_type="DLSignature" id="None" col="899" row="1327" width="482" height="173" Overlapped="No" AuthorID="Sudol, Marius"> </DL_ZONE>
			<DL_ZONE gedi_type="DLLogo" id="None" col="139" row="54" width="196" height="186"> </DL_ZONE>
		</DL_PAGE>
	</DL_DOCUMENT>
</GEDI>