<?xml version="1.0" encoding="UTF-8"?>
<!--GEDI is developed at Language and Media Processing Laboratory, University of Maryland.-->
<GEDI xmlns="http://lamp.cfar.umd.edu/GEDI" version="1.0">
	<DL_DOCUMENT src="gsj41f00-page02_2.tif" NrOfPages="1" docTag="xml">
		<DL_PAGE gedi_type="DL_PAGE" src="gsj41f00-page02_2.tif" pageID="1" width="1200" height="1575">
			<DL_ZONE gedi_type="DLSignature" id="None" col="664" row="762" width="361" height="67" Overlapped="Yes" AuthorID="Hamann, M.A."> </DL_ZONE>
			<DL_ZONE gedi_type="DLLogo" id="None" col="534" row="51" width="67" height="81"> </DL_ZONE>
		</DL_PAGE>
	</DL_DOCUMENT>
</GEDI>