<?xml version="1.0" encoding="UTF-8"?>
<!--GEDI is developed at Language and Media Processing Laboratory, University of Maryland.-->
<GEDI xmlns="http://lamp.cfar.umd.edu/GEDI" version="1.0">
	<DL_DOCUMENT src="gzr94e00-page01_1.tif" NrOfPages="1" docTag="xml">
		<DL_PAGE gedi_type="DL_PAGE" src="gzr94e00-page01_1.tif" pageID="1" width="2560" height="3296">
			<DL_ZONE gedi_type="DLSignature" id="None" col="1010" row="2090" width="283" height="233" Overlapped="Yes" AuthorID="Boder, J.B."> </DL_ZONE>
			<DL_ZONE gedi_type="DLLogo" id="None" col="938" row="538" width="264" height="175"> </DL_ZONE>
		</DL_PAGE>
	</DL_DOCUMENT>
</GEDI>