<?xml version="1.0" encoding="UTF-8"?>
<!--GEDI is developed at Language and Media Processing Laboratory, University of Maryland.-->
<GEDI xmlns="http://lamp.cfar.umd.edu/GEDI" version="1.0">
	<DL_DOCUMENT src="hba45f00.tif" NrOfPages="1" docTag="xml">
		<DL_PAGE gedi_type="DL_PAGE" src="hba45f00.tif" pageID="1" width="1200" height="1575">
			<DL_ZONE gedi_type="DLSignature" id="None" col="227" row="938" width="126" height="70" Overlapped="Yes" AuthorID="Maresca, G.P."> </DL_ZONE>
			<DL_ZONE gedi_type="DLLogo" id="None" col="57" row="120" width="134" height="132"> </DL_ZONE>
		</DL_PAGE>
	</DL_DOCUMENT>
</GEDI>