<?xml version="1.0" encoding="UTF-8"?>
<!--GEDI is developed at Language and Media Processing Laboratory, University of Maryland.-->
<GEDI xmlns="http://lamp.cfar.umd.edu/GEDI" version="1.0">
	<DL_DOCUMENT src="hbk41e00.tif" NrOfPages="1" docTag="xml">
		<DL_PAGE gedi_type="DL_PAGE" src="hbk41e00.tif" pageID="1" width="2560" height="3275">
			<DL_ZONE gedi_type="DLSignature" id="None" col="354" row="1559" width="858" height="234" Overlapped="Yes" AuthorID="Vollmuth, T.A."> </DL_ZONE>
			<DL_ZONE gedi_type="DLLogo" id="None" col="122" row="190" width="743" height="238"> </DL_ZONE>
		</DL_PAGE>
	</DL_DOCUMENT>
</GEDI>