<?xml version="1.0" encoding="UTF-8"?>
<!--GEDI is developed at Language and Media Processing Laboratory, University of Maryland.-->
<GEDI xmlns="http://lamp.cfar.umd.edu/GEDI" version="1.0">
	<DL_DOCUMENT src="hby31f00_1.tif" NrOfPages="1" docTag="xml">
		<DL_PAGE gedi_type="DL_PAGE" src="hby31f00_1.tif" pageID="1" width="1200" height="1575">
			<DL_ZONE gedi_type="DLSignature" id="None" col="669" row="819" width="247" height="63" Overlapped="No" AuthorID="Charles, F.K."> </DL_ZONE>
			<DL_ZONE gedi_type="DLLogo" id="None" col="465" row="72" width="176" height="103"> </DL_ZONE>
		</DL_PAGE>
	</DL_DOCUMENT>
</GEDI>