<?xml version="1.0" encoding="UTF-8"?>
<!--GEDI is developed at Language and Media Processing Laboratory, University of Maryland.-->
<GEDI xmlns="http://lamp.cfar.umd.edu/GEDI" version="1.0">
	<DL_DOCUMENT src="hdx55e00.tif" NrOfPages="1" docTag="xml">
		<DL_PAGE gedi_type="DL_PAGE" src="hdx55e00.tif" pageID="1" width="2560" height="3350">
			<DL_ZONE gedi_type="DLSignature" id="None" col="1157" row="2235" width="716" height="193" Overlapped="Yes" AuthorID="Galeotti, K.L."> </DL_ZONE>
			<DL_ZONE gedi_type="DLLogo" id="None" col="1132" row="164" width="319" height="209"> </DL_ZONE>
		</DL_PAGE>
	</DL_DOCUMENT>
</GEDI>