<?xml version="1.0" encoding="UTF-8"?>
<!--GEDI is developed at Language and Media Processing Laboratory, University of Maryland.-->
<GEDI xmlns="http://lamp.cfar.umd.edu/GEDI" version="1.0">
	<DL_DOCUMENT src="hez90c00.tif" NrOfPages="1" docTag="xml">
		<DL_PAGE gedi_type="DL_PAGE" src="hez90c00.tif" pageID="1" width="2400" height="3150">
			<DL_ZONE gedi_type="DLSignature" id="None" col="655" row="1980" width="536" height="103" Overlapped="Yes" AuthorID="Wilhelm, J.F."> </DL_ZONE>
			<DL_ZONE gedi_type="DLSignature" id="None" col="851" row="2087" width="289" height="89" Overlapped="Yes" AuthorID="Gravely, L.E."> </DL_ZONE>
		</DL_PAGE>
	</DL_DOCUMENT>
</GEDI>