<?xml version="1.0" encoding="UTF-8"?>
<!--GEDI is developed at Language and Media Processing Laboratory, University of Maryland.-->
<GEDI xmlns="http://lamp.cfar.umd.edu/GEDI" version="1.0">
	<DL_DOCUMENT src="hfw98c00.tif" NrOfPages="1" docTag="xml">
		<DL_PAGE gedi_type="DL_PAGE" src="hfw98c00.tif" pageID="1" width="1728" height="2292">
			<DL_ZONE gedi_type="DLSignature" id="None" col="821" row="1782" width="323" height="159" Overlapped="Yes" AuthorID="Molloy, S.M."> </DL_ZONE>
			<DL_ZONE gedi_type="DLLogo" id="None" col="146" row="351" width="455" height="148"> </DL_ZONE>
		</DL_PAGE>
	</DL_DOCUMENT>
</GEDI>