<?xml version="1.0" encoding="UTF-8"?>
<!--GEDI is developed at Language and Media Processing Laboratory, University of Maryland.-->
<GEDI xmlns="http://lamp.cfar.umd.edu/GEDI" version="1.0">
	<DL_DOCUMENT src="hki32e00.tif" NrOfPages="1" docTag="xml">
		<DL_PAGE gedi_type="DL_PAGE" src="hki32e00.tif" pageID="1" width="2560" height="3267">
			<DL_ZONE gedi_type="DLSignature" id="None" col="1193" row="2276" width="846" height="491" Overlapped="Yes" AuthorID="Krivisky, B.M."> </DL_ZONE>
			<DL_ZONE gedi_type="DLLogo" id="None" col="1085" row="274" width="321" height="209"> </DL_ZONE>
		</DL_PAGE>
	</DL_DOCUMENT>
</GEDI>