<?xml version="1.0" encoding="UTF-8"?>
<!--GEDI is developed at Language and Media Processing Laboratory, University of Maryland.-->
<GEDI xmlns="http://lamp.cfar.umd.edu/GEDI" version="1.0">
	<DL_DOCUMENT src="hku85f00.tif" NrOfPages="1" docTag="xml">
		<DL_PAGE gedi_type="DL_PAGE" src="hku85f00.tif" pageID="1" width="1200" height="1575">
			<DL_ZONE gedi_type="DLSignature" id="None" col="642" row="1017" width="304" height="103" Overlapped="Yes" AuthorID="Whelan, F.X."> </DL_ZONE>
			<DL_ZONE gedi_type="DLLogo" id="None" col="88" row="25" width="202" height="196"> </DL_ZONE>
		</DL_PAGE>
	</DL_DOCUMENT>
</GEDI>