<?xml version="1.0" encoding="UTF-8"?>
<!--GEDI is developed at Language and Media Processing Laboratory, University of Maryland.-->
<GEDI xmlns="http://lamp.cfar.umd.edu/GEDI" version="1.0">
	<DL_DOCUMENT src="hmb86c00.tif" NrOfPages="1" docTag="xml">
		<DL_PAGE gedi_type="DL_PAGE" src="hmb86c00.tif" pageID="1" width="1728" height="2292">
			<DL_ZONE gedi_type="DLSignature" id="None" col="201" row="1677" width="364" height="179" Overlapped="Yes" AuthorID="Camisa, R.J."> </DL_ZONE>
			<DL_ZONE gedi_type="DLLogo" id="None" col="739" row="264" width="191" height="111"> </DL_ZONE>
		</DL_PAGE>
	</DL_DOCUMENT>
</GEDI>