<?xml version="1.0" encoding="UTF-8"?>
<!--GEDI is developed at Language and Media Processing Laboratory, University of Maryland.-->
<GEDI xmlns="http://lamp.cfar.umd.edu/GEDI" version="1.0">
	<DL_DOCUMENT src="hna35f00.tif" NrOfPages="1" docTag="xml">
		<DL_PAGE gedi_type="DL_PAGE" src="hna35f00.tif" pageID="1" width="1200" height="1575">
			<DL_ZONE gedi_type="DLSignature" id="None" col="699" row="1027" width="187" height="64" Overlapped="Yes" AuthorID="Clark, J.M."> </DL_ZONE>
			<DL_ZONE gedi_type="DLLogo" id="None" col="160" row="37" width="177" height="95"> </DL_ZONE>
		</DL_PAGE>
	</DL_DOCUMENT>
</GEDI>