<?xml version="1.0" encoding="UTF-8"?>
<!--GEDI is developed at Language and Media Processing Laboratory, University of Maryland.-->
<GEDI xmlns="http://lamp.cfar.umd.edu/GEDI" version="1.0">
	<DL_DOCUMENT src="hpz95d00.tif" NrOfPages="1" docTag="xml">
		<DL_PAGE gedi_type="DL_PAGE" src="hpz95d00.tif" pageID="1" width="1728" height="2292">
			<DL_ZONE gedi_type="DLSignature" id="None" col="942" row="1209" width="318" height="145" Overlapped="Yes" AuthorID="Geha, R.S."> </DL_ZONE>
			<DL_ZONE gedi_type="DLLogo" id="None" col="764" row="232" width="173" height="211"> </DL_ZONE>
		</DL_PAGE>
	</DL_DOCUMENT>
</GEDI>