<?xml version="1.0" encoding="UTF-8"?>
<!--GEDI is developed at Language and Media Processing Laboratory, University of Maryland.-->
<GEDI xmlns="http://lamp.cfar.umd.edu/GEDI" version="1.0">
	<DL_DOCUMENT src="hqi59c00.tif" NrOfPages="1" docTag="xml">
		<DL_PAGE gedi_type="DL_PAGE" src="hqi59c00.tif" pageID="1" width="1728" height="2292">
			<DL_ZONE gedi_type="DLSignature" id="None" col="824" row="1513" width="382" height="111" Overlapped="Yes" AuthorID="Glen, J.F."> </DL_ZONE>
			<DL_ZONE gedi_type="DLSignature" id="None" col="323" row="1524" width="358" height="129" Overlapped="Yes" AuthorID="McAllister, Harmon"> </DL_ZONE>
			<DL_ZONE gedi_type="DLSignature" id="None" col="705" row="1858" width="590" height="194" Overlapped="Yes" AuthorID="Geha, R.S."> </DL_ZONE>
		</DL_PAGE>
	</DL_DOCUMENT>
</GEDI>