<?xml version="1.0" encoding="UTF-8"?>
<!--GEDI is developed at Language and Media Processing Laboratory, University of Maryland.-->
<GEDI xmlns="http://lamp.cfar.umd.edu/GEDI" version="1.0">
	<DL_DOCUMENT src="hst85f00.tif" NrOfPages="1" docTag="xml">
		<DL_PAGE gedi_type="DL_PAGE" src="hst85f00.tif" pageID="1" width="1200" height="1575">
			<DL_ZONE gedi_type="DLSignature" id="None" col="649" row="768" width="252" height="75" Overlapped="Yes" AuthorID="Honeycutt, D.G."> </DL_ZONE>
			<DL_ZONE gedi_type="DLLogo" id="None" col="139" row="42" width="184" height="98"> </DL_ZONE>
		</DL_PAGE>
	</DL_DOCUMENT>
</GEDI>