<?xml version="1.0" encoding="UTF-8"?>
<!--GEDI is developed at Language and Media Processing Laboratory, University of Maryland.-->
<GEDI xmlns="http://lamp.cfar.umd.edu/GEDI" version="1.0">
	<DL_DOCUMENT src="hti31a00_1.tif" NrOfPages="1" docTag="xml">
		<DL_PAGE gedi_type="DL_PAGE" src="hti31a00_1.tif" pageID="1" width="1200" height="1575">
			<DL_ZONE gedi_type="DLSignature" id="None" col="714" row="847" width="239" height="93" Overlapped="Yes" AuthorID="Wortham, E.C."> </DL_ZONE>
			<DL_ZONE gedi_type="DLLogo" id="None" col="127" row="55" width="93" height="90"> </DL_ZONE>
		</DL_PAGE>
	</DL_DOCUMENT>
</GEDI>