<?xml version="1.0" encoding="UTF-8"?>
<!--GEDI is developed at Language and Media Processing Laboratory, University of Maryland.-->
<GEDI xmlns="http://lamp.cfar.umd.edu/GEDI" version="1.0">
	<DL_DOCUMENT src="hty24f00-page02_2.tif" NrOfPages="1" docTag="xml">
		<DL_PAGE gedi_type="DL_PAGE" src="hty24f00-page02_2.tif" pageID="1" width="1200" height="1575">
			<DL_ZONE gedi_type="DLSignature" id="None" col="634" row="638" width="496" height="85" Overlapped="Yes" AuthorID="Porter, Paul A."> </DL_ZONE>
			<DL_ZONE gedi_type="DLSignature" id="None" col="699" row="825" width="341" height="59" Overlapped="Yes" AuthorID="Austern, H.T."> </DL_ZONE>
			<DL_ZONE gedi_type="DLSignature" id="None" col="712" row="979" width="320" height="53" Overlapped="Yes" AuthorID="Wald, R.L."> </DL_ZONE>
		</DL_PAGE>
	</DL_DOCUMENT>
</GEDI>