<?xml version="1.0" encoding="UTF-8"?>
<!--GEDI is developed at Language and Media Processing Laboratory, University of Maryland.-->
<GEDI xmlns="http://lamp.cfar.umd.edu/GEDI" version="1.0">
	<DL_DOCUMENT src="hua33a00-init.tif" NrOfPages="1" docTag="xml">
		<DL_PAGE gedi_type="DL_PAGE" src="hua33a00-init.tif" pageID="1" width="2400" height="3150">
			<DL_ZONE gedi_type="DLSignature" id="None" col="1288" row="1787" width="533" height="115" Overlapped="Yes" AuthorID="Keane, T.M."> </DL_ZONE>
			<DL_ZONE gedi_type="DLLogo" id="None" col="245" row="340" width="240" height="226"> </DL_ZONE>
		</DL_PAGE>
	</DL_DOCUMENT>
</GEDI>