<?xml version="1.0" encoding="UTF-8"?>
<!--GEDI is developed at Language and Media Processing Laboratory, University of Maryland.-->
<GEDI xmlns="http://lamp.cfar.umd.edu/GEDI" version="1.0">
	<DL_DOCUMENT src="hvb51a00.tif" NrOfPages="1" docTag="xml">
		<DL_PAGE gedi_type="DL_PAGE" src="hvb51a00.tif" pageID="1" width="1200" height="1575">
			<DL_ZONE gedi_type="DLSignature" id="None" col="588" row="751" width="296" height="57" Overlapped="Yes" AuthorID="Pepples, Ernest"> </DL_ZONE>
			<DL_ZONE gedi_type="DLLogo" id="None" col="474" row="29" width="171" height="86"> </DL_ZONE>
		</DL_PAGE>
	</DL_DOCUMENT>
</GEDI>