<?xml version="1.0" encoding="UTF-8"?>
<!--GEDI is developed at Language and Media Processing Laboratory, University of Maryland.-->
<GEDI xmlns="http://lamp.cfar.umd.edu/GEDI" version="1.0">
	<DL_DOCUMENT src="hwz64c00-var.tif" NrOfPages="1" docTag="xml">
		<DL_PAGE gedi_type="DL_PAGE" src="hwz64c00-var.tif" pageID="1" width="1728" height="2292">
			<DL_ZONE gedi_type="DLSignature" id="None" col="888" row="1384" width="450" height="223" Overlapped="Yes" AuthorID="Molloy, S.M."> </DL_ZONE>
			<DL_ZONE gedi_type="DLLogo" id="None" col="134" row="301" width="474" height="149"> </DL_ZONE>
		</DL_PAGE>
	</DL_DOCUMENT>
</GEDI>