<?xml version="1.0" encoding="UTF-8"?>
<!--GEDI is developed at Language and Media Processing Laboratory, University of Maryland.-->
<GEDI xmlns="http://lamp.cfar.umd.edu/GEDI" version="1.0">
	<DL_DOCUMENT src="icu98c00.tif" NrOfPages="1" docTag="xml">
		<DL_PAGE gedi_type="DL_PAGE" src="icu98c00.tif" pageID="1" width="1728" height="2292">
			<DL_ZONE gedi_type="DLSignature" id="None" col="177" row="1200" width="458" height="119" Overlapped="Yes" AuthorID="Jessup, H.S."> </DL_ZONE>
			<DL_ZONE gedi_type="DLLogo" id="None" col="105" row="363" width="435" height="141"> </DL_ZONE>
		</DL_PAGE>
	</DL_DOCUMENT>
</GEDI>