<?xml version="1.0" encoding="UTF-8"?>
<!--GEDI is developed at Language and Media Processing Laboratory, University of Maryland.-->
<GEDI xmlns="http://lamp.cfar.umd.edu/GEDI" version="1.0">
	<DL_DOCUMENT src="icw51a00.tif" NrOfPages="1" docTag="xml">
		<DL_PAGE gedi_type="DL_PAGE" src="icw51a00.tif" pageID="1" width="2544" height="3300">
			<DL_ZONE gedi_type="DLSignature" id="None" col="1364" row="2272" width="563" height="93" Overlapped="Yes" AuthorID="Pepples, Ernest"> </DL_ZONE>
			<DL_ZONE gedi_type="DLLogo" id="None" col="1101" row="262" width="338" height="182"> </DL_ZONE>
		</DL_PAGE>
	</DL_DOCUMENT>
</GEDI>