<?xml version="1.0" encoding="UTF-8"?>
<!--GEDI is developed at Language and Media Processing Laboratory, University of Maryland.-->
<GEDI xmlns="http://lamp.cfar.umd.edu/GEDI" version="1.0">
	<DL_DOCUMENT src="ifw98c00.tif" NrOfPages="1" docTag="xml">
		<DL_PAGE gedi_type="DL_PAGE" src="ifw98c00.tif" pageID="1" width="1728" height="2292">
			<DL_ZONE gedi_type="DLSignature" id="None" col="818" row="1260" width="353" height="186" Overlapped="No" AuthorID="Molloy, S.M."> </DL_ZONE>
			<DL_ZONE gedi_type="DLLogo" id="None" col="157" row="333" width="444" height="147"> </DL_ZONE>
		</DL_PAGE>
	</DL_DOCUMENT>
</GEDI>