<?xml version="1.0" encoding="UTF-8"?>
<!--GEDI is developed at Language and Media Processing Laboratory, University of Maryland.-->
<GEDI xmlns="http://lamp.cfar.umd.edu/GEDI" version="1.0">
	<DL_DOCUMENT src="ihh44a00.tif" NrOfPages="1" docTag="xml">
		<DL_PAGE gedi_type="DL_PAGE" src="ihh44a00.tif" pageID="1" width="1728" height="2292">
			<DL_ZONE gedi_type="DLSignature" id="None" col="762" row="1451" width="452" height="124" Overlapped="Yes" AuthorID="Boffa, J.R."> </DL_ZONE>
			<DL_ZONE gedi_type="DLSignature" id="None" col="531" row="1705" width="238" height="169" Overlapped="Yes" AuthorID="Stevens, A.J."> </DL_ZONE>
		</DL_PAGE>
	</DL_DOCUMENT>
</GEDI>