<?xml version="1.0" encoding="UTF-8"?>
<!--GEDI is developed at Language and Media Processing Laboratory, University of Maryland.-->
<GEDI xmlns="http://lamp.cfar.umd.edu/GEDI" version="1.0">
	<DL_DOCUMENT src="ikw83f00.tif" NrOfPages="1" docTag="xml">
		<DL_PAGE gedi_type="DL_PAGE" src="ikw83f00.tif" pageID="1" width="1200" height="1575">
			<DL_ZONE gedi_type="DLSignature" id="None" col="681" row="1082" width="251" height="65" Overlapped="Yes" AuthorID="Charles, F.K."> </DL_ZONE>
			<DL_ZONE gedi_type="DLLogo" id="None" col="481" row="80" width="180" height="91"> </DL_ZONE>
		</DL_PAGE>
	</DL_DOCUMENT>
</GEDI>