<?xml version="1.0" encoding="UTF-8"?>
<!--GEDI is developed at Language and Media Processing Laboratory, University of Maryland.-->
<GEDI xmlns="http://lamp.cfar.umd.edu/GEDI" version="1.0">
	<DL_DOCUMENT src="iln90f00.tif" NrOfPages="1" docTag="xml">
		<DL_PAGE gedi_type="DL_PAGE" src="iln90f00.tif" pageID="1" width="1200" height="1575">
			<DL_ZONE gedi_type="DLSignature" id="None" col="645" row="1032" width="274" height="87" Overlapped="Yes" AuthorID="Chakraborty, B.B."> </DL_ZONE>
			<DL_ZONE gedi_type="DLLogo" id="None" col="498" row="37" width="172" height="91"> </DL_ZONE>
		</DL_PAGE>
	</DL_DOCUMENT>
</GEDI>