<?xml version="1.0" encoding="UTF-8"?>
<!--GEDI is developed at Language and Media Processing Laboratory, University of Maryland.-->
<GEDI xmlns="http://lamp.cfar.umd.edu/GEDI" version="1.0">
	<DL_DOCUMENT src="iny31e00.tif" NrOfPages="1" docTag="xml">
		<DL_PAGE gedi_type="DL_PAGE" src="iny31e00.tif" pageID="1" width="2560" height="3319">
			<DL_ZONE gedi_type="DLSignature" id="None" col="362" row="1747" width="733" height="199" Overlapped="Yes" AuthorID="Vollmuth, T.A."> </DL_ZONE>
			<DL_ZONE gedi_type="DLLogo" id="None" col="86" row="245" width="769" height="230"> </DL_ZONE>
		</DL_PAGE>
	</DL_DOCUMENT>
</GEDI>